PLAYER,UHC,TEAM,COMMENT,,,,,,,
Albertc5555,1,Cherry,,,,,,,,
MultiGirl007,1,UDel1,(Steve),,,,,,,
belundun,1,Uconn,,,,,,,,
meddi3,1,Cherry,together,,,,,,,
mikecherry,1,Cherry,together,,,,,,,
Meyeravi,1,BC,,,,,,,,
mrdagger17,1,Evil,,,,,,,,
dalvin_cook,1,Cherry,,,,,,,,
Inspyur,1,BC,,unsure about Udel for uhc 1,,,,,,
YungSpesh,1,BC,,,,,,,,
1ottsco,1,Uconn,,,,,,,,
XmasGoose,1,Evil,,,,,,,,
Dunkersplatt,1,BC,,,,,,,,
IntenseYogurt,1,Evil,,,,,,,,
Overtray,1,Uconn,,,,,,,,
Shananalovesdem,1,Uconn,,,,,,,,
Dunkersplatt,2,BC,,,,,,,,
belundun,2,Uconn,,,,,,,,
Shananalovesdem,2,Uconn,,,,,,,,
DemonicFish,2,Uconn,,,,,,,,
1ottsco,2,UDel1,,,,,,,,
Inspyur,2,BC,,,,,,,,
Meyeravi,2,BC,,,,,,,,
YungSpesh,2,BC,,,,,,,,
Albertc5555,2,Cherry,,,,,,,,
IntenseYogurt,2,Evil,,,,,,,,
XmasGoose,2,UDel1,,,,,,,,
mrdagger17,2,Evil,,,,,,,,
damonsterwolf,2,UDel1,,,,,,,,
Nova_MC,2,Evil,,,,,,,,
meddi3,2,Cherry,,,,,,,,
mikecherry,2,Cherry,,,,,,,,
1ottsco,3,Uconn,,,,,,,,
belundun,3,Uconn,,,,,,,,
Shananalovesdem,3,Uconn,,,,,,,,
Inspyur,3,BC,,,,,,,,
Dunkersplatt,3,BC,,,,,,,,
mikecherry,3,Cherry,,,,,,,,
meddi3,3,Cherry,,,,,,,,
Albertc5555,3,Cherry,,,,,,,,
ColombiaSilva,3,BC,,,,,,,,
YungSpesh,3,BC,,,,,,,,
XmasGoose,3,UDel1,,,,,,,,
damonsterwolf,3,UDel1,,,,,,,,
kanighits,3,UDel1,,,,,,,,
mrdagger17,3,Evil,,,,,,,,
DemonicFish,3,Evil,,,,,,,,
IntenseYogurt,3,Evil,,,,,,,,
Dunkersplatt,4,Uconn,,,,,,,,
Shananalovesdem,4,Uconn,,,,,,,,
belundun,4,Uconn,,,,,,,,
DemonicFish,4,NateTrevorFrazz,,,,,,,,
Meyeravi,4,BC,,,,,,,,
1ottsco,4,Evil,,,,,,,,
IntenseYogurt,4,Evil,,,,,,,,
Inspyur,4,BC,,,,,,,,
YungSpesh,4,BC,,,,,,,,
Wolfzx99,4,Evil,,,,,,,,
XmasGoose,4,NateTrevorFrazz,,,,,,,,
Overtray,4,NateTrevorFrazz,,,,,,,,
XmasGoose,5,UDel1,,,,,,,,
damonsterwolf,5,UDel1,,,,,,,,
DemonicFish,5,UDel1,,,,,,,,
1ottsco,5,Swim,,,,,,,,
seanm105,5,Swim,,,,,,,,
Inspyur,5,BC,,,,,,,,
belundun,5,Swim,,,,,,,,
Meyeravi,5,BC,,,,,,,,
mrdagger17,5,Swim,,,,,,,,
xcatieladyx,5,BC,,,,,,,,
Dunkersplatt,5,BC,,,,,,,,
XmasGoose,6,NateScott,,,,,,,,
1ottsco,6,NateScott,,,,,,,,
Wolfzx99,6,Evil,,,,,,,,
seanm105,6,Uconn,,,,,,,,
Shananalovesdem,6,Uconn,,,,,,,,
Dunkersplatt,6,BC,,,,,,,,
Meyeravi,6,BC,,,uconn vs evil is uncertain for 6,,,,,
YungSpesh,6,BC,,,,,,,,
Inspyur,6,BC,,,,,,,,
mrdagger17,6,Evil,,,,,,,,
IntenseYogurt,6,Evil,,,,,,,,
_pau1,6,Evil,,,,,,,,
belundun,6,Uconn,,,,,,,,
IntenseYogurt,7,NateScott,,,,,,,,
XmasGoose,7,NateScott,,,,,,,,
1ottsco,7,NateScott,,,,,,,,
DemonicFish,7,NateScott,,,,,,,,
YungSpesh,7,BC,,,,,,,,
Inspyur,7,BC,,,,,,,,
Meyeravi,7,BC,,,,,,,,
Dunkersplatt,7,BC,,,,,,,,
Wolfzx99,7,Uconn,,,? Brandon says he never worked with Caelan,,,,,
Shananalovesdem,7,Uconn,,,,,,,,
seanm105,7,Uconn,,,,,,,,
belundun,7,Uconn,,,,,,,,
kanighits,8,UDel1,,,,,,,,
XmasGoose,8,UDel1,,,,,,,,
belundun,8,Uconn,,,,,,,,
YungSpesh,8,BC,,,,,,,,
Inspyur,8,BC,,,,,,,,
Shananalovesdem,8,Uconn,,,,,,,,
DemonicFish,8,Uconn,,,v unsure here,,,,,
Meyeravi,8,BC,,,,,,,,
Overtray,8,Uconn,,,,,,,,
Dunkersplatt,8,BC,,,,,,,,
xcatieladyx,8,BC,,,,,,,,
seanm105,8,Evil,,,,,,,,
IntenseYogurt,8,Evil,,,,,,,,
mrdagger17,9,Evil,,,,,,,,
kanighits,9,Cherry,,,,,,,,
Wolfzx99,9,Evil,,,,,,,,
IntenseYogurt,9,Evil,,,,,,,,
mikecherry,9,Cherry,,,,,,,,
1ottsco,9,Evil,,,,,,,,
Inspyur,9,BC,,,,,,,,
meddi3,9,Cherry,,,,,,,,
RARich,9,Medium,,,,,,,,
belundun,9,Uconn,,,,,,,,
Shananalovesdem,9,Uconn,,,,,,,,
Swampyl,9,Uconn,,,,,,,,
hi_im_kten,9,Uconn,,,,,,,,
seanm105,9,Evil,,,,,,,,
Dunkersplatt,9,Riverside,,,,,,,,
XmasGoose,9,Riverside,,,,,,,,
MultiGirl007,9,Riverside,(Laura),,,,,,,
xcatieladyx,9,Riverside,,,,,,,,
Meyeravi,9,BC,,,,,,,,
YungSpesh,9,BC,,,,,,,,
_pau1,9,Medium,,,,,,,,
ninjaturtle103,9,Meatloaf,,,,,,,,
Jaxos,9,Medium,,,,,,,,
dstout123,9,Medium,,,,,,,,
DezBFrag,9,Meatloaf,,,,,,,,
Dunkersplatt,10,BC,,,,,,,,
YungSpesh,10,BC,,,,,,,,
Inspyur,10,BC,,,,,,,,
belundun,10,Uconn,,,,,,,,
RARich,10,UDel1,,,,,,,,
XmasGoose,10,UDel1,,,,,,,,
MultiGirl007,10,UDel1,(Steve),,,,,,,
Jaxos,10,UDel1,,,,,,,,
1ottsco,10,Uconn,,,,,,,,
DemonicFish,10,Uconn,,,,,,,,
Shananalovesdem,10,Uconn,,,,,,,,
_pau1,10,Uconn,,,,,,,,
mikecherry,10,Cherry,,,,,,,,
mrdagger17,10,Evil,,,,,,,,
meddi3,10,Cherry,,,,,,,,
seanm105,10,Evil,,,,,,,,
Meyeravi,10,BC,,,,,,,,
Wolfzx99,10,Evil,,,,,,,,
xcatieladyx,10,BC,,,,,,,,
Swampyl,10,Evil,,,,,,,,
IntenseYogurt,10,Evil,,,,,,,,
Albertc5555,10,Cherry,,,,,,,,
meddi3,11,Cherry,,,,,,,,
damonsterwolf,11,UDel2,,,,,,,,
IntenseYogurt,11,Cherry,,,,,,,,
YungSpesh,11,UDel2,,,,,,,,
MultiGirl007,11,UDel1,(Steve),,,,,,,
mikecherry,11,Cherry,,,,,,,,
kanighits,11,UDel1,,,,,,,,
Wolfzx99,11,Evil,,,,,,,,
XmasGoose,11,UDel1,,,,,,,,
Swampyl,11,Evil,,,,,,,,
seanm105,11,Evil,,,,,,,,
1ottsco,11,Evil,,,,,,,,
Dunkersplatt,11,Uconn,,,,,,,,
DemonicFish,11,Uconn,,,,,,,,
Albertc5555,11,UDel2,,,,,,,,
Shananalovesdem,11,Uconn,,,,,,,,
belundun,11,Uconn,,,,,,,,
IntenseYogurt,12,Evil,,,,,,,,
kanighits,12,UDel1,,,,,,,,
XmasGoose,12,UDel1,,,,,,,,
seanm105,12,Evil,,,,,,,,
damonsterwolf,12,UDel1,,,,,,,,
belundun,12,Uconn,,,,,,,,
Swampyl,12,Uconn,,,,,,,,
DemonicFish,12,Uconn,,,,,,,,ziyu 1
Wolfzx99,12,Evil,,,,,,,,nate 2
Shananalovesdem,12,Uconn,,,,,,,,
YungSpesh,12,BC,,,,,,,,
Dunkersplatt,12,BC,,,,,,,,
meddi3,12,Cherry,,,,,,,,
mikecherry,12,Cherry,,,,,,,,
xcatieladyx,12,BC,,,,,,,,
mrdagger17,12,Evil,,,,,,,,
XmasGoose,13,NateScott,,,,,,,,
1ottsco,13,NateScott,,,,,,,,
Swampyl,13,NateScott,,,,,,,,
Dunkersplatt,13,BC,,,,,,,,
xcatieladyx,13,BC,,,,,,,,
Meyeravi,13,BC,,,,,,,,
YungSpesh,13,BC,,,,,,,,
mikecherry,13,Cherry,,,,,,,,
Albertc5555,13,Cherry,,,,,,,,
meddi3,13,Cherry,,,,,,,,
belundun,13,Uconn,,,,,,,,
Shananalovesdem,13,Uconn,,,,,,,,
icedrake25,13,Uconn,,,,,,,,
IntenseYogurt,13,Evil,,,,,,,,
mrdagger17,13,Evil,,,,,,,,
Wolfzx99,13,Evil,,,,,,,,
XmasGoose,14,NateScott,,,,,,,,
xcatieladyx,14,Evil,,,,,,,,
seanm105,14,Evil,,,,,,,,
1ottsco,14,NateScott,,,,,,,,
mrdagger17,14,Evil,,,,,,,,
belundun,14,Uconn,,,,,,,,
Shananalovesdem,14,Uconn,,,,,,,,
Inspyur,14,BC,,,,,,,,
IntenseYogurt,14,Evil,,,,,,,,
Albertc5555,14,Cherry,,,,,,,,
mikecherry,14,Cherry,,,,,,,,
SKILLVINIK,14,Cherry,,,,,,,,
YungSpesh,14,BC,,,,,,,,
meddi3,14,Cherry,,,,,,,,
Dunkersplatt,14,BC,,,,,,,,
_pau1,14,Uconn,,,,,,,,
Dunkersplatt,15,BC,,,,,,,,
YungSpesh,15,BC,,,,,,,,
Inspyur,15,BC,,,,,,,,
1ottsco,15,BC,,,,,,,,
XmasGoose,15,UDel1,,,,,,,,
mikecherry,15,UDel1,,,,,,,,
SKILLVINIK,15,UDel1,,,,,,,,
damonsterwolf,15,UDel1,,,,,,,,
icedrake25,15,Uconn,,,,,,,,
belundun,15,Uconn,,,,,,,,
Shananalovesdem,15,Uconn,,,,,,,,
IntenseYogurt,15,Evil,,,,,,,,
mrdagger17,15,Evil,,,,,,,,
seanm105,15,Evil,,,,,,,,
Swampyl,15,Evil,,,,,,,,
seanm105,16,Evil,,,,,,,,
belundun,16,Uconn,,,,,,,,
mrdagger17,16,Evil,,,,,,,,
DemonicFish,16,Uconn,,,,,,,,
Inspyur,16,BrendanScott,,,,,,,,
icedrake25,16,Uconn,,,,,,,,
1ottsco,16,BrendanScott,,,,,,,,
Dunkersplatt,16,BrendanScott,,,,,,,,
IntenseYogurt,16,Evil,,,,,,,,
SKILLVINIK,16,UDel1,,,,,,,,
kanighits,16,UDel1,,,,,,,,
mikecherry,16,UDel1,,,,,,,,
Wolfzx99,16,Evil,,,,,,,,
XmasGoose,16,UDel1,,,,,,,,
mrdagger17,17,Evil,,,,,,,,
1ottsco,17,UDel1,,,,,,,,
Swampyl,17,Evil,,,,,,,,
mmnickymm,17,UDel1,,,,,,,,
meddi3,17,Cherry,,,,,,,,
DemonicFish,17,Uconn,,,,,,,,
_pau1,17,Uconn,,,,,,,,
Albertc5555,17,Cherry,,,,,,,,
seanm105,17,Evil,,,,,,,,
damonsterwolf,17,UDel1,,,,,,,,
XmasGoose,17,UDel1,,,,,,,,
IntenseYogurt,17,Evil,,,,,,,,
MacroBomber,17,BBC,,,,,,,,
Mad_Quake,17,BBC,,,,,,,,
StereoTypicaly,17,BBC,,,,,,,,
Nova_MC,17,BBC,,,,,,,,
Dunkersplatt,17,BC,,,,,,,,
SKILLVINIK,17,Cherry,,,,,,,,
mikecherry,17,Cherry,,,,,,,,
icedrake25,17,Uconn,,,,,,,,
belundun,17,Uconn,,,,,,,,
YungSpesh,17,BC,,,,,,,,
xcatieladyx,17,BC,,,,,,,,
Wolfzx99,18,Evil,,,,,,,,
damonsterwolf,18,UDel1,,,,,,,,
mrdagger17,18,Evil,,,,,,,,
mmnickymm,18,UDel1,,,,,,,,
seanm105,18,Evil,,,,,,,,
XmasGoose,18,UDel1,,,,,,,,
1ottsco,18,UDel1,,,,,,,,
IntenseYogurt,18,Evil,,,,,,,,
belundun,18,Uconn,,,,,,,,
Shananalovesdem,18,Uconn,,,,,,,,
mikecherry,18,Cherry,,,,,,,,
Meyeravi,18,BC,,,,,,,,
YungSpesh,18,BC,,,,,,,,
Dunkersplatt,18,BC,,,,,,,,
icedrake25,18,Uconn,,,,,,,,
Albertc5555,18,Cherry,,,,,,,,
meddi3,18,Cherry,,,,,,,,
SKILLVINIK,18,Cherry,,,,,,,,
IntenseYogurt,19,Evil,,,,,,,,
XmasGoose,19,UDel1,,,,,,,,
Dunkersplatt,19,BC,,,,,,,,
seanm105,19,Evil,,,,,,,,
mrdagger17,19,Evil,,,,,,,,
xcatieladyx,19,BC,,,,,,,,
StereoTypicaly,19,BBC,,,,,,,,
meddi3,19,Cherry,,,,,,,,
damonsterwolf,19,UDel1,,,,,,,,
Albertc5555,19,Cherry,,,,,,,,
SKILLVINIK,19,Cherry,,,,,,,,
kanighits,19,UDel1,,,,,,,,
PredatedMeteor,19,BBC,,,,,,,,
Nova_MC,19,BBC,,,,,,,,
YungSpesh,19,BC,,,,,,,,
MacroBomber,19,BBC,,,,,,,,
mikecherry,19,Cherry,,,,,,,,
belundun,19,Uconn,,,,,,,,
ninjaturtle103,19,Meatloaf,,,,,,,,
icedrake25,19,Uconn,,,,,,,,
TheUltimateJon,19,Meatloaf,,,,,,,,
Shananalovesdem,19,Uconn,,,,,,,,
DezBFrag,19,Meatloaf,,,,,,,,
Dunkersplatt,20,Bconn,,,,,,,,
SKILLVINIK,20,UDel1,,,,,,,,
kanighits,20,UDel1,,,,,,,,
XmasGoose,20,UDel1,,,,,,,,
1ottsco,20,UDel1,,,,,,,,
mikecherry,20,Cherry,,,,,,,,
Shananalovesdem,20,Bconn,,,,,,,,
mmnickymm,20,UDel1,,,,,,,,
belundun,20,Bconn,,,,,,,,
YungSpesh,20,Bconn,,,,,,,,
mrdagger17,20,Evil,,,,,,,,
IntenseYogurt,20,Evil,,,,,,,,
ninjaturtle103,20,Meatloaf,,,,,,,,
Albertc5555,20,Cherry,,,,,,,,
DezBFrag,20,Meatloaf,,,,,,,,
meddi3,20,Cherry,,,,,,,,
Wolfzx99,20,Evil,,,,,,,,
EldritchKoi,20,Meatloaf,,,,,,,,
YoFumoMarihuana,20,Meatloaf,,,,,,,,
seanm105,20,Evil,,,,,,,,
seanm105,21,Evil,,,,,,,,
Wolfzx99,21,Evil,,,,,,,,
YoFumoMarihuana,21,Meatloaf,,,,,,,,
Albertc5555,21,Cherry,,,,,,,,
XmasGoose,21,UDel1,,,,,,,,
Tran_1230,21,Evil,,,,,,,,
ToaNuparu,21,Evil,,,,,,,,
meddi3,21,Cherry,,,,,,,,
mrdagger17,21,Evil,,,,,,,,
mikecherry,21,Cherry,,,,,,,,
mmnickymm,21,UDel1,,,,,,,,
ninjaturtle103,21,Meatloaf,,,,,,,,
TheUltimateJon,21,Meatloaf,,,,,,,,
kanighits,21,UDel1,,,,,,,,
Overtray,21,BC,,,,,,,,
YungSpesh,21,BC,,,,,,,,
St33n3r,21,BC,,,,,,,,
Dunkersplatt,21,BC,,,,,,,,
ToaNuparu,22,Cherry,,,,,,,,
mikecherry,22,Cherry,,,,,,,,
Wolfzx99,22,Evil,,,,,,,,
Albertc5555,22,Cherry,,,,,,,,
Tran_1230,22,Uconn,,,,,,,,
Dunkersplatt,22,BC,,,,,,,,
YungSpesh,22,BC,,,,,,,,
Shananalovesdem,22,Uconn,,,,,,,,
belundun,22,Uconn,,,,,,,,
ninjaturtle103,22,Meatloaf,,,,,,,,
mmnickymm,22,Beast,,,,,,,,
SKILLVINIK,22,Cherry,,,,,,,,
1ottsco,22,Beast,,,,,,,,
XmasGoose,22,Beast,,,,,,,,
babar103,22,Meatloaf,,,,,,,,
xcatieladyx,22,BC,,,,,,,,
DezBFrag,22,Meatloaf,,,,,,,,
TheUltimateJon,22,Meatloaf,,,,,,,,
St33n3r,22,BC,,,,,,,,
seanm105,22,Evil,,,,,,,,
mrdagger17,22,Evil,,,,,,,,
Meyeravi,22,BC,,,,,,,,
IntenseYogurt,22,Evil,,,,,,,,
Albertc5555,23,Cherry,,,,,,,,
mmnickymm,23,Beast,,,,,,,,
ToaNuparu,23,Cherry,,,,,,,,
Tran_1230,23,Cherry,,,,,,,,
mikecherry,23,Cherry,,,,,,,,
1ottsco,23,Beast,,,,,,,,
yuormomlol,23,Beast,,,,,,,,
YungSpesh,23,Beast,,,,,,,,
icedrake25,23,Uconn,,,,,,,,
Wolfzx99,23,Evil,,,,,,,,
IntenseYogurt,23,Evil,,,,,,,,
belundun,23,Uconn,,,,,,,,
mrdagger17,23,Evil,,,,,,,,
seanm105,23,Evil,,,,,,,,
Shananalovesdem,23,Uconn,,,,,,,,
Dunkersplatt,23,BC,,,,,,,,
St33n3r,23,BC,,,,,,,,
xcatieladyx,23,BC,,,,,,,,
Meyeravi,23,BC,,,,,,,,
Tran_1230,24,Evil,,,,,,,,
icedrake25,24,Uconn,,,,,,,,
Wolfzx99,24,Evil,,,,,,,,
belundun,24,Uconn,,,,,,,,
Shananalovesdem,24,Uconn,,,,,,,,
seanm105,24,Evil,,,,,,,,
Dunkersplatt,24,BC,,,,,,,,
ToaNuparu,24,Evil,,,,,,,,
YungSpesh,24,BC,,,,,,,,
St33n3r,24,BC,,,,,,,,
Shananalovesdem,25,Beast,,,,,,,,
Tran_1230,25,Best,,,,,,,,
brassline,25,BC,,,,,,,,
mikecherry,25,Beast,,,,,,,,
icedrake25,25,Uconn,,,,,,,,
Koi_Pond,25,Uconn,,,,,,,,
1ottsco,25,Beast,,,,,,,,
ToaNuparu,25,BC,,,,,,,,
St33n3r,25,BC,,,,,,,,
Dunkersplatt,25,BC,,,,,,,,
mrdagger17,25,Evil,,,,,,,,
belundun,25,Uconn,,,,,,,,
IntenseYogurt,25,Evil,,,,,,,,
seanm105,25,Evil,,,,,,,,
Wolfzx99,25,Evil,,,,,,,,
IntenseYogurt,26,Evil,,,,,,,,
Albertc5555,26,Cherry,,,,,,,,
YungSpesh,26,BC,,,,,,,,
mikecherry,26,Cherry,,,,,,,,
Dunkersplatt,26,BC,,,,,,,,
ToaNuparu,26,BC,,,,,,,,
1ottsco,26,Beast,,,,,,,,
mrdagger17,26,Evil,,,,,,,,
Overtray,26,Beast,,,,,,,,
Tran_1230,26,Evil,,,,,,,,
seanm105,26,Evil,,,,,,,,
XmasGoose,26,Beast,,,,,,,,
Dunkersplatt,27,BC,,,,,,,,
Koi_Pond,27,Uconn,,,,,,,,
YungSpesh,27,BC,,,,,,,,
ZenStryk,27,Uconn,,,,,,,,
XmasGoose,27,Beast,,,,,,,,
Tran_1230,27,Tran,,,,,,,,
seanm105,27,Evil,,,,,,,,
mikecherry,27,Beast,,,,,,,,
1ottsco,27,Beast,,,,,,,,
ToaNuparu,27,Evil,,,,,,,,
mrdagger17,27,Evil,,,,,,,,
Shananalovesdem,27,Uconn,,,,,,,,
belundun,27,Uconn,,,,,,,,
IntenseYogurt,28,Evil,,,,,,,,
YungSpesh,28,BC,,,,,,,,
seanm105,28,Evil,,,,,,,,
Dunkersplatt,28,BC,,,,,,,,
Wolfzx99,28,Evil,,,,,,,,
Tran_1230,28,BC,,,,,,,,
ToaNuparu,28,BC,,,,,,,,
XmasGoose,28,Cherry,,,,,,,,
mrdagger17,28,Evil,,,,,,,,
Albertc5555,28,Cherry,,,,,,,,
mikecherry,28,Cherry,,,,,,,,
meddi3,28,Cherry,,,,,,,,
icedrake25,28,Uconn,,,,,,,,
ZenStryk,28,Uconn,,,,,,,,
Koi_Pond,28,Uconn,,,,,,,,
belundun,28,Uconn,,,,,,,,
Shananalovesdem,28,Uconn,,,,,,,,
icedrake25,29,Uconn,,,,,,,,
mrdagger17,29,Evil,,,,,,,,
brassline,29,BC,,,,,,,,
belundun,29,Uconn,,,,,,,,
Meyeravi,29,BC,,,,,,,,
Shananalovesdem,29,Uconn,,,,,,,,
Dunkersplatt,29,BC,,,,,,,,
Koi_Pond,29,Uconn,,,,,,,,
ZenStryk,29,Uconn,,,,,,,,
YungSpesh,29,BC,,,,,,,,
St33n3r,29,BC,,,,,,,,
mikecherry,29,Cherry,,,,,,,,
meddi3,29,Cherry,,,,,,,,
1ottsco,29,Beast,,,,,,,,
Albertc5555,29,Cherry,,,,,,,,
XmasGoose,29,Beast,,,,,,,,
Wolfzx99,29,Evil,,,,,,,,
seanm105,29,Evil,,,,,,,,
IntenseYogurt,29,Evil,,,,,,,,
YungSpesh,30,Heat,,,,,,,,
belundun,30,Uconn,,,,,,,,
_pau1,30,Evil,,,,,,,,
1ottsco,30,Beast,,,,,,,,
seanm105,30,Evil,,,,,,,,
Dunkersplatt,30,Beast,,,,,,,,
XmasGoose,30,Beast,,,,,,,,
Wolfzx99,30,Evil,,,,,,,,
ToaNuparu,30,Evil,,,,,,,,
mrdagger17,30,Evil,,,,,,,,
Shananalovesdem,30,Uconn,,,,,,,,
icedrake25,30,Uconn,,,,,,,,
Koi_Pond,30,Uconn,,,,,,,,
mikecherry,30,Heat,,,,,,,,
IntenseYogurt,30,Heat,,,,,,,,
Koi_Pond,31,Uconn,,,,,,,,
Meyeravi,31,BC,,,,,,,,
YungSpesh,31,BC,,,,,,,,
icedrake25,31,Uconn,,,,,,,,
seanm105,31,Evil,,,,,,,,
RawNoodl3,31,BC,,,,,,,,
Shananalovesdem,31,Uconn,,,,,,,,
Dunkersplatt,31,BC,,,,,,,,
mikecherry,31,Cherry,,,,,,,,
Wolfzx99,31,Evil,,,,,,,,
IntenseYogurt,31,Evil,,,,,,,,
belundun,31,Uconn,,,,,,,,
St33n3r,31,BC,,,,,,,,
brassline,31,BC,,,,,,,,
1ottsco,31,Beast,,,,,,,,
mrdagger17,31,Evil,,,,,,,,
XmasGoose,31,Beast,,,,,,,,
ToaNuparu,31,Evil,,,,,,,,
xcatieladyx,32,BC,,,,,,,,
mikecherry,32,Cherry,,,,,,,,
IntenseYogurt,32,Evil,,,,,,,,
1ottsco,32,Beast,,,,,,,,
seanm105,32,Evil,,,,,,,,
XmasGoose,32,Beast,,,,,,,,
ZenStryk,32,Uconn,,,,,,,,
St33n3r,32,BC,,,,,,,,
StereoTypicaly,32,Twitch,,,,,,,,
Nova_MC,32,Twitch,,,,,,,,
Dunkersplatt,32,BC,,,,,,,,
icedrake25,32,Uconn,,,,,,,,
brassline,32,BC,,,,,,,,
belundun,32,Uconn,,,,,,,,
Shananalovesdem,32,Uconn,,,,,,,,
meddi3,32,Cherry,,,,,,,,
Albertc5555,32,Cherry,,,,,,,,
huef,32,Twitch,,,,,,,,
ToaNuparu,32,Evil,,,,,,,,
YungSpesh,32,BC,,,,,,,,
mrdagger17,32,Evil,,,,,,,,
belundun,33,Uconn,,,,,,,,
Koi_Pond,33,Uconn,,,,,,,,
icedrake25,33,Uconn,,,,,,,,
Wolfzx99,33,Evil,,,,,,,,
XmasGoose,33,Beast,,,,,,,,
St33n3r,33,BC,,,,,,,,
mrdagger17,33,Evil,,,,,,,,
Dunkersplatt,33,BC,,,,,,,,
seanm105,33,Evil,,,,,,,,
ToaNuparu,33,Beast,,,,,,,,
IntenseYogurt,33,Evil,,,,,,,,
YungSpesh,33,BC,,,,,,,,
Shananalovesdem,33,Uconn,,,,,,,,
brassline,33,BC,,,,,,,,
Koi_Pond,34,Uconn,,,,,,,,
_pau1,34,Beast,,,,,,,,
icedrake25,34,Uconn,,,,,,,,
meddi3,34,Cherry,,,,,,,,
mikecherry,34,Cherry,,,,,,,,
belundun,34,Uconn,,,,,,,,
Shananalovesdem,34,Uconn,,,,,,,,
Albertc5555,34,Cherry,,,,,,,,
1ottsco,34,Beast,,,,,,,,
mrdagger17,34,Evil,,,,,,,,
Wolfzx99,34,Evil,,,,,,,,
ToaNuparu,34,Beast,,,,,,,,
seanm105,34,Evil,,,,,,,,
Dunkersplatt,34,BC,,,,,,,,
XmasGoose,34,Beast,,,,,,,,
IntenseYogurt,34,Evil,,,,,,,,
St33n3r,34,BC,,,,,,,,
brassline,34,BC,,,,,,,,
YungSpesh,34,BC,,,,,,,,
Meyeravi,34,BC,,,,,,,,
Meyeravi,35,BC,,,,,,,,
1ottsco,35,Beast,,,,,,,,
YungSpesh,35,BC,,,,,,,,
xcatieladyx,35,BC,,,,,,,,
Dunkersplatt,35,BC,,,,,,,,
Inspyur,35,BC,,,,,,,,
Shananalovesdem,35,Uconn,,,,,,,,
ZenStryk,35,Uconn,,,,,,,,
DemonicFish,35,Beast,,,,,,,,
XmasGoose,35,Beast,,,,,,,,
Wolfzx99,35,Evil,,,,,,,,
ToaNuparu,35,Evil,,,,,,,,
IntenseYogurt,35,Evil,,,,,,,,
seanm105,35,Evil,,,,,,,,
belundun,35,Uconn,,,,,,,,
mrdagger17,35,Evil,,,,,,,,
icedrake25,36,Uconn,,,,,,,,
xcatieladyx,36,BC,,,,,,,,
brassline,36,BC,,,,,,,,
XmasGoose,36,Beast,,,,,,,,
Koi_Pond,36,Uconn,,,,,,,,
Shananalovesdem,36,Uconn,,,,,,,,
belundun,36,Uconn,,,,,,,,
IntenseYogurt,36,Evil,,,,,,,,
Wolfzx99,36,Evil,,,,,,,,
mrdagger17,36,Evil,,,,,,,,
seanm105,36,Evil,,,,,,,,
Dunkersplatt,36,BC,,,,,,,,
St33n3r,36,BC,,,,,,,,
ToaNuparu,36,Beast,,,,,,,,
mikecherry,36,Beast,,,,,,,,
Koi_Pond,37,Uconn,,,,,,,,
Meyeravi,37,BC,,,,,,,,
ZenStryk,37,Uconn,,,,,,,,
Dunkersplatt,37,BC,,,,,,,,
belundun,37,Uconn,,,,,,,,
YungSpesh,37,BC,,,,,,,,
Shananalovesdem,37,Uconn,,,,,,,,
xcatieladyx,37,BC,,,,,,,,
brassline,37,Milk,,,,,,,,
icedrake25,37,Uconn,,,,,,,,
seanm105,37,Evil,,,,,,,,
ToaNuparu,37,Evil,,,,,,,,
St33n3r,37,Milk,,,,,,,,
IntenseYogurt,37,Evil,,,,,,,,
XmasGoose,37,Milk,,,,,,,,
Wolfzx99,37,Evil,,,,,,,,
mrdagger17,37,Evil,,,,,,,,
Wolfzx99,38,Evil,,,,,,,,
Tran_1230,38,Sean,,,,,,,,
seanm105,38,Sean,,,,,,,,
IntenseYogurt,38,Evil,,,,,,,,
ToaNuparu,38,Sean,,,,,,,,
XmasGoose,38,Milk,,,,,,,,
mrdagger17,38,Evil,,,,,,,,
Inspyur,38,BC,,,,,,,,
Dunkersplatt,38,BC,,,,,,,,
brassline,38,Milk,,,,,,,,
St33n3r,38,Milk,,,,,,,,
YungSpesh,38,BC,,,,,,,,
xcatieladyx,38,BC,,,,,,,,
belundun,39,Uconn,,,,,,,,
seanm105,39,Evil,,,,,,,,
ZenStryk,39,Uconn,,,,,,,,
IntenseYogurt,39,Evil,,,,,,,,
icedrake25,39,Uconn,,,,,,,,
Shananalovesdem,39,Uconn,,,,,,,,
Wolfzx99,39,Evil,,,,,,,,
mrdagger17,39,Evil,,,,,,,,
mikecherry,39,Beast,,,,,,,,
XmasGoose,39,Beast,,,,,,,,
St33n3r,39,BC,,,,,,,,
YungSpesh,39,BC,,,,,,,,
Dunkersplatt,39,BC,,,,,,,,
ToaNuparu,39,Beast,,,,,,,,
brassline,39,BC,,,,,,,,
Shananalovesdem,40,Uconn,,,,,,,,
DemonicFish,40,Evil,,,,,,,,
ToaNuparu,40,Evil,,,,,,,,
mrdagger17,40,Evil,,,,,,,,
ZenStryk,40,Uconn,,,,,,,,
seanm105,40,Evil,,,,,,,,
belundun,40,Uconn,,,,,,,,
1ottsco,40,Beast,,,,,,,,
icedrake25,40,Uconn,,,,,,,,
XmasGoose,40,Beast,,,,,,,,
GrandGoon98,40,Uconn,,,,,,,,
mikecherry,40,Beast,,,,,,,,
St33n3r,40,BC,,,,,,,,
brassline,40,BC,,,,,,,,
YungSpesh,40,BC,,,,,,,,
Dunkersplatt,40,BC,,,,,,,,
_pau1,40,Beast,,,,,,,,
YungSpesh,41,BC,,,,,,,,
belundun,41,Uconn,,,,,,,,
mrdagger17,41,Evil,,,,,,,,
icedrake25,41,Uconn,,,,,,,,
seanm105,41,Evil,,,,,,,,
Dunkersplatt,41,BC,,,,,,,,
_pau1,41,Beast,,,,,,,,
1ottsco,41,Beast,,,,,,,,
Wolfzx99,41,Evil,,,,,,,,
ToaNuparu,41,Evil,,,,,,,,
St33n3r,41,BC,,,,,,,,
Meyeravi,41,BC,,,,,,,,
XmasGoose,41,Beast,,,,,,,,
brassline,41,BC,,,,,,,,
ZenStryk,41,Uconn,,,,,,,,
DemonicFish,41,Beast,,,,,,,,
Shananalovesdem,41,Uconn,,,,,,,,
IntenseYogurt,41,Evil,,,,,,,,
ToaNuparu,42,Evil,,,,,,,,
RARich,42,Beast,,,,,,,,
Dunkersplatt,42,BC,,,,,,,,
Albertc5555,42,Cherry,,,,,,,,
mikecherry,42,Cherry,,,,,,,,
DemonicFish,42,Beast,,,,,,,,
icedrake25,42,Uconn,,,,,,,,
seanm105,42,Evil,,,,,,,,
ZenStryk,42,Uconn,,,,,,,,
mrdagger17,42,Evil,,,,,,,,
IntenseYogurt,42,Evil,,,,,,,,
belundun,42,Uconn,,,,,,,,
YungSpesh,42,BC,,,,,,,,
brassline,42,BC,,,,,,,,
1ottsco,42,Beast,,,,,,,,
XmasGoose,42,Beast,,,,,,,,
meddi3,42,Cherry,,,,,,,,
Shananalovesdem,42,Uconn,,,,,,,,
St33n3r,42,BC,,,,,,,,
Wolfzx99,42,Evil,,,,,,,,
Wolfzx99,43,Evil,,,,,,,,
meddi3,43,Cherry,,,,,,,,
IntenseYogurt,43,Evil,,,,,,,,
mikecherry,43,Cherry,,,,,,,,
Albertc5555,43,Cherry,,,,,,,,
Dunkersplatt,43,BC,,,,,,,,
Shananalovesdem,43,Uconn,,,,,,,,
DemonicFish,43,Uconn,,,,,,,,
_pau1,43,Uconn,,,,,,,,
1ottsco,43,Beast,,,,,,,,
mrdagger17,43,Evil,,,,,,,,
seanm105,43,Evil,,,,,,,,
St33n3r,43,BC,,,,,,,,
ToaNuparu,43,Beast,,,,,,,,
brassline,43,BC,,,,,,,,
XmasGoose,43,Beast,,,,,,,,
icedrake25,44,Uconn,,,,,,,,
mikecherry,44,Beast,,,,,,,,
Shananalovesdem,44,Uconn,,,,,,,,
ZenStryk,44,Uconn,,,,,,,,
IntenseYogurt,44,Evil,,,,,,,,
DemonicFish,44,BC,,,,,,,,
Dunkersplatt,44,BC,,,,,,,,
1ottsco,44,Beast,,,,,,,,
belundun,44,Uconn,,,,,,,,
_pau1,44,Beast,,,,,,,,
St33n3r,44,BC,,,,,,,,
ToaNuparu,44,Evil,,,,,,,,
brassline,44,BC,,,,,,,,
seanm105,44,Evil,,,,,,,,
mrdagger17,44,Evil,,,,,,,,
IntenseYogurt,45,Evil,,,,,,,,
meddi3,45,Cherry,,,,,,,,
Albertc5555,45,Cherry,,,,,,,,
Wolfzx99,45,Evil,,,,,,,,
mikecherry,45,Cherry,,,,,,,,
RARich,45,UDel1,,,,,,,,
ZenStryk,45,Uconn,,,,,,,,
icedrake25,45,Uconn,,,,,,,,
1ottsco,45,1ottsco,,,,,,,,
ToaNuparu,45,UDel1,,,,,,,,
Dunkersplatt,45,BC,,,,,,,,
XmasGoose,45,UDel1,,,,,,,,
xcatieladyx,45,BC,,,,,,,,
SuperiorBoog,45,BC,,,,,,,,
YungSpesh,45,BC,,,,,,,,
seanm105,45,Evil,,,,,,,,
St33n3r,45,BlackSky,,,,,,,,
Tran_1230,45,Uconn,,,,,,,,
DemonicFish,45,UDel1,,,,,,,,
belundun,45,Uconn,,,,,,,,
brassline,45,BlackSky,,,,,,,,
mrdagger17,45,Evil,,,,,,,,
Dunkersplatt,46,Love,,,,,,,,
belundun,46,Swim,,,,,,,,
mrdagger17,46,Swim,,,,,,,,
IntenseYogurt,46,Love,,,,,,,,
seanm105,46,Swim,,,,,,,,
Tran_1230,46,1ottsco,,,,,,,,
Albertc5555,46,Cherry,,,,,,,,
1ottsco,46,1ottsco,,,,,,,,
meddi3,46,Cherry,,,,,,,,
ToaNuparu,46,1ottsco,,,,,,,,
Wolfzx99,46,Swim,,,,,,,,
brassline,46,Love,,,,,,,,
XmasGoose,46,Uconn,,,,,,,,
Shananalovesdem,46,Uconn,,,,,,,,
DemonicFish,46,Uconn,,,,,,,,
ZenStryk,46,Uconn,,,,,,,,
echidnasrock1234,46,1ottsco,,,,,,,,
mikecherry,46,Cherry,,,,,,,,
St33n3r,46,Love,,,,,,,,
mikecherry,47,Cherry,,,,,,,,
St33n3r,47,BC,,,,,,,,
Dunkersplatt,47,BC,,,,,,,,
meddi3,47,Cherry,,,,,,,,
IntenseYogurt,47,Evil,,,,,,,,
1ottsco,47,Beast,,,,,,,,
mrdagger17,47,Evil,,,,,,,,
XmasGoose,47,Beast,,,,,,,,
S4ppho,47,Evil,,,,,,,,
Wolfzx99,47,Evil,,,,,,,,
brassline,47,BC,,,,,,,,
YungSpesh,47,BC,,,,,,,,
seanm105,47,Evil,,,,,,,,
ToaNuparu,47,Beast,,,,,,,,
belundun,47,Uconn,,,,,,,,
ZenStryk,47,Uconn,,,,,,,,
echidnasrock1234,47,Uconn,,,,,,,,
Shananalovesdem,47,Uconn,,,,,,,,
Dunkersplatt,48,BC,,,,,,,,
seanm105,48,Evil,,,,,,,,
Wolfzx99,48,Evil,,,,,,,,
mrdagger17,48,Evil,,,,,,,,
Tran_1230,48,XmasGoose,,,,,,,,
1ottsco,48,Uconn,,,,,,,,
DemonicFish,48,XmasGoose,,,,,,,,
YungSpesh,48,BC,,,,,,,,
brassline,48,BC,,,,,,,,
mikecherry,48,Cherry,,,,,,,,
Albertc5555,48,Cherry,,,,,,,,
St33n3r,48,BC,,,,,,,,
Shananalovesdem,48,Uconn,,,,,,,,
belundun,48,Uconn,,,,,,,,
icedrake25,48,Uconn,,,,,,,,
XmasGoose,48,XmasGoose,,,,,,,,
ZenStryk,48,Uconn,,,,,,,,
IntenseYogurt,48,Cherry,,,,,,,,
Wolfzx99,49,Evil,,,,,,,,
Shananalovesdem,49,Uconn,,,,,,,,
belundun,49,Uconn,,,,,,,,
IntenseYogurt,49,Evil,,,,,,,,
mrdagger17,49,Evil,,,,,,,,
ZenStryk,49,Uconn,,,,,,,,
ToaNuparu,49,Beast,,,,,,,,
XmasGoose,49,Beast,,,,,,,,
seanm105,49,Evil,,,,,,,,
YungSpesh,49,BC,,,,,,,,
brassline,49,BC,,,,,,,,
mikecherry,49,Cherry,,,,,,,,
DemonicFish,49,1ottsco,,,,,,,,
1ottsco,49,1ottsco,,,,,,,,
Albertc5555,49,Cherry,,,,,,,,
Dunkersplatt,49,BC,,,,,,,,
St33n3r,49,BC,,,,,,,,
XmasGoose,50,Beast,,,,,,,,
YungSpesh,50,BC,,,,,,,,
St33n3r,50,BC,,,,,,,,
ToaNuparu,50,Beast,,,,,,,,
Shananalovesdem,50,Uconn,,,,,,,,
ZenStryk,50,Uconn,,,,,,,,
Dunkersplatt,50,BC,,,,,,,,
DemonicFish,50,Beast,,,,,,,,
brassline,50,BC,,,,,,,,
firedrake282,50,Uconn2,,,,,,,,
1ottsco,50,Uconn2,,,,,,,,
catkinson98,50,Uconn2,,,,,,,,
icedrake25,50,Uconn2,,,,,,,,
mrdagger17,50,Evil,,,,,,,,
echidnasrock1234,50,Beast,,,,,,,,
Wolfzx99,50,Evil,,,,,,,,
IntenseYogurt,50,Evil,,,,,,,,
belundun,50,Uconn,,,,,,,,
seanm105,50,Evil,,,,,,,,
GrandGoon98,50,Uconn,,,,,,,,
mikecherry,50,Cherry,,,,,,,,
Albertc5555,50,Cherry,,,,,,,,
meddi3,50,Cherry,,,,,,,,
ZenStryk,51,Uconn,,,,,,,,
belundun,51,Uconn,,,,,,,,
Shananalovesdem,51,Uconn,,,,,,,,
ToaNuparu,51,Evil,,,,,,,,
Wolfzx99,51,Evil,,,,,,,,
1ottsco,51,Beast,,,,,,,,
seanm105,51,Evil,,,,,,,,
Dunkersplatt,51,BC,,,,,,,,
XmasGoose,51,Beast,,,,,,,,
YungSpesh,51,BC,,,,,,,,
brassline,51,BC,,,,,,,,
_pau1,52,Uconn,,,,,,,,
DemonicFish,52,Beast,,,,,,,,
ZenStryk,52,Uconn,,,,,,,,
Wolfzx99,52,Evil,,,,,,,,
echidnasrock1234,52,Uconn,,,,,,,,
mrdagger17,52,Evil,,,,,,,,
ToaNuparu,52,Evil,,,,,,,,
seanm105,52,Evil,,,,,,,,
1ottsco,52,Beast,,,,,,,,
YungSpesh,52,BC,,,,,,,,
XmasGoose,52,Beast,,,,,,,,
Dunkersplatt,52,BC,,,,,,,,
belundun,52,Uconn,,,,,,,,
brassline,52,BC,,,,,,,,
St33n3r,52,BC,,,,,,,,
IntenseYogurt,52,Evil,,,,,,,,
Shananalovesdem,53,Uconn,,,,,,,,
_pau1,53,BC,,,,,,,,
ZenStryk,53,Uconn,,,,,,,,
Albertc5555,53,Cherry,,,,,,,,
belundun,53,Uconn,,,,,,,,
echidnasrock1234,53,Uconn,,,,,,,,
mikecherry,53,Cherry,,,,,,,,
meddi3,53,Cherry,,,,,,,,
1ottsco,53,Beast,,,,,,,,
ToaNuparu,53,Beast,,,,,,,,
XmasGoose,53,Beast,,,,,,,,
DemonicFish,53,BC,,,,,,,,
Dunkersplatt,53,BC,,,,,,,,
seanm105,53,Beast,,,,,,,,
IntenseYogurt,54,Evil,,,,,,,,
ZenStryk,54,Uconn,,,,,,,,
Shananalovesdem,54,Uconn,,,,,,,,
mrdagger17,54,Evil,,,,,,,,
ToaNuparu,54,Evil,,,,,,,,
DemonicFish,54,Uconn,,,,,,,,
Wolfzx99,54,Evil,,,,,,,,
belundun,54,Uconn,,,,,,,,
YungSpesh,54,BC,,,,,,,,
Dunkersplatt,54,BC,,,,,,,,
seanm105,54,Evil,,,,,,,,
brassline,54,BC,,,,,,,,
_pau1,54,Uconn,,,,,,,,
XmasGoose,54,Beast,,,,,,,,
meddi3,54,Cherry,,,,,,,,
1ottsco,54,Beast,,,,,,,,
Albertc5555,54,Cherry,,,,,,,,
mikecherry,54,Cherry,,,,,,,,
IntenseYogurt,55,Evil,,,,,,,,
Meyeravi,55,BC,,,,,,,,
mrdagger17,55,Evil,,,,,,,,
YungSpesh,55,BC,,,,,,,,
Dunkersplatt,55,BC,,,,,,,,
ToaNuparu,55,Evil,,,,,,,,
brassline,55,BC,,,,,,,,
icedrake25,55,Uconn,,,,,,,,
DemonicFish,55,Uconn,,,,,,,,
braiiinz,55,Uconn,,,,,,,,
seanm105,55,Evil,,,,,,,,
echidnasrock1234,55,Beast,,,,,,,,
Shananalovesdem,55,Uconn,,,,,,,,
_pau1,55,Beast,,,,,,,,
XmasGoose,55,Beast,,,,,,,,
1ottsco,55,Beast,,,,,,,,
mikecherry,56,Beast,,,,,,,,
mrdagger17,56,Evil,,,,,,,,
XmasGoose,56,Beast,,,,,,,,
ToaNuparu,56,Evil,,,,,,,,
meddi3,56,Beast,,,,,,,,
seanm105,56,Evil,,,,,,,,
IntenseYogurt,56,Evil,,,,,,,,
1ottsco,56,Beast,,,,,,,,
icedrake25,56,Uconn,,,,,,,,
Meyeravi,56,BC,,,,,,,,
belundun,56,Uconn,,,,,,,,
_pau1,56,Uconn,,,,,,,,
brassline,56,BC,,,,,,,,
Dunkersplatt,56,BC,,,,,,,,
Shananalovesdem,56,Uconn,,,,,,,,
YungSpesh,56,BC,,,,,,,,
IntenseYogurt,57,Evil,,,,,,,,
echidnasrock1234,57,Uconn,,,,,,,,
_pau1,57,Uconn,,,,,,,,
mrdagger17,57,Evil,,,,,,,,
seanm105,57,Evil,,,,,,,,
ZenStryk,57,Uconn,,,,,,,,
belundun,57,Uconn,,,,,,,,
BethanBlast,57,Uconn,,,,,,,,
1ottsco,57,Beast,,,,,,,,
ToaNuparu,57,Evil,,,,,,,,
Dunkersplatt,57,Beast,,,,,,,,
Tran_1230,57,Evil,,,,,,,,
XmasGoose,57,Beast,,,,,,,,
XmasGoose,58,Beast,,,,,,,,
icedrake25,58,Uconn,,,,,,,,
1ottsco,58,Beast,,,,,,,,
ZenStryk,58,Uconn,,,,,,,,
_pau1,58,Beast,,,,,,,,
Dunkersplatt,58,Beast,,,,,,,,
belundun,58,Uconn,,,,,,,,
BethanBlast,58,Uconn,,,,,,,,
echidnasrock1234,58,Uconn,,,,,,,,
Tran_1230,58,Evil,,,,,,,,
seanm105,58,Evil,,,,,,,,
mrdagger17,58,Evil,,,,,,,,
YungSpesh,58,Beast,,,,,,,,
IntenseYogurt,58,Evil,,,,,,,,
ToaNuparu,58,Evil,,,,,,,,
XmasGoose,59,Beast,,,,,,,,
belundun,59,Uconn,,,,,,,,
1ottsco,59,Beast,,,,,,,,
DemonicFish,59,Uconn,,,,,,,,
echidnasrock1234,59,Uconn,,,,,,,,
seanm105,59,Evil,,,,,,,,
mrdagger17,59,Evil,,,,,,,,
Tran_1230,59,Evil,,,,,,,,
Dunkersplatt,59,BC,,,,,,,,
YungSpesh,59,BC,,,,,,,,
Meyeravi,59,BC,,,,,,,,
brassline,59,BC,,,,,,,,
belundun,60,Uconn,,,,,,,,
1ottsco,60,Beast,,,,,,,,
Tran_1230,60,Evil,,,,,,,,
XmasGoose,60,Beast,,,,,,,,
echidnasrock1234,60,Uconn,,,,,,,,
icedrake25,60,Uconn,,,,,,,,
seanm105,60,Evil,,,,,,,,
YungSpesh,60,BC,,,,,,,,
IntenseYogurt,60,Evil,,,,,,,,
mrdagger17,60,Evil,,,,,,,,
Dunkersplatt,60,BC,,,,,,,,
brassline,60,BC,,,,,,,,
seanm105,61,Evil,,,,,,,,
YungSpesh,61,BC,,,,,,,,
Wolfzx99,61,Evil,,,,,,,,
St33n3r,61,BC,,,,,,,,
IntenseYogurt,61,Evil,,,,,,,,
Shananalovesdem,61,Uconn,,,,,,,,
ToaNuparu,61,Evil,,,,,,,,
DemonicFish,61,Uconn,,,,,,,,
XmasGoose,61,Beast,,,,,,,,
echidnasrock1234,61,Uconn,,,,,,,,
belundun,61,Uconn,,,,,,,,
mrdagger17,61,Evil,,,,,,,,
1ottsco,61,Beast,,,,,,,,
brassline,61,BC,,,,,,,,
Dunkersplatt,61,BC,,,,,,,,
YungSpesh,62,Red,,,,,,,,
brassline,62,White,,,,,,,,
XmasGoose,62,Red,,,,,,,,
mrdagger17,62,White,,,,,,,,
St33n3r,62,Red,,,,,,,,
seanm105,62,White,,,,,,,,
1ottsco,62,Blue,,,,,,,,
Dunkersplatt,62,Blue,,,,,,,,
ToaNuparu,62,Blue,,,,,,,,
IntenseYogurt,63,Evil,,,,,,,,
Shananalovesdem,63,Uconn,,,,,,,,
ToaNuparu,63,BC,,,,,,,,
mrdagger17,63,Evil,,,,,,,,
Dunkersplatt,63,BC,,,,,,,,
Wolfzx99,63,Evil,,,,,,,,
belundun,63,Uconn,,,,,,,,
1ottsco,63,Uconn,,,,,,,,
YungSpesh,63,BC,,,,,,,,
IntenseYogurt,63,Evil,,,,,,,,
1ottsco,64,1ottsco,,,,,,,,
YungSpesh,64,YungSpesh,,,,,,,,
Shananalovesdem,64,Shananalovesdem,,,,,,,,
mrdagger17,64,mrdagger17,,,,,,,,
Dunkersplatt,64,Dunkersplatt,,,,,,,,
Wolfzx99,64,Wolfzx99,,,,,,,,
belundun,64,belundun,,,,,,,,
IntenseYogurt,64,IntenseYogurt,,,,,,,,
Dunkersplatt,65,BC,,,,,,,,
Shananalovesdem,65,Uconn,,,,,,,,
YungSpesh,65,BC,,,,,,,,
belundun,65,Uconn,,,,,,,,
ToaNuparu,65,Uconn,,,,,,,,
Tran_1230,65,Evil,,,,,,,,
SwathedEwe4,65,Love,,,,,,,,
mrdagger17,65,Evil,,,,,,,,
XmasGoose,65,Beast,,,,,,,,
Wolfzx99,65,Evil,,,,,,,,
1ottsco,65,Beast,,,,,,,,
xcatieladyx,65,BC,,,,,,,,
seanm105,65,Evil,,,,,,,,
IntenseYogurt,65,Love,,,,,,,,
mikecherry,65,Love,,,,,,,,
Dunkersplatt,66,BC,,,,,,,,
SwathedEwe4,66,Love,,,,,,,,
IntenseYogurt,66,Love,,,,,,,,
YungSpesh,66,BC,,,,,,,,
XmasGoose,66,Beast,,,,,,,,
1ottsco,66,Beast,,,,,,,,
mikecherry,66,Love,,,,,,,,
Tran_1230,66,BC,,,,,,,,
seanm105,66,Evil,,,,,,,,
mrdagger17,66,Evil,,,,,,,,
ToaNuparu,66,Evil,,,,,,,,
belundun,66,Uconn,,,,,,,,
DemonicFish,66,Uconn,,,,,,,,
Shananalovesdem,66,Uconn,,,,,,,,
seanm105,67,seanm105,,,,,,,,
ToaNuparu,67,ToaNuparu,,,,,,,,
IntenseYogurt,67,IntenseYogurt,,,,,,,,
Tran_1230,67,Tran_1230,,,,,,,,
echidnasrock1234,67,echidnasrock1234,,,,,,,,
1ottsco,67,1ottsco,,,,,,,,
Dunkersplatt,67,Dunkersplatt,,,,,,,,
1ottsco,68,Beast,,,,,,,,
seanm105,68,Evil,,,,,,,,
Dunkersplatt,68,Beast,,,,,,,,
mrdagger17,68,Evil,,,,,,,,
XmasGoose,68,Beast,,,,,,,,
IntenseYogurt,68,Evil,,,,,,,,
catkinson98,68,Uconn,,,,,,,,
echidnasrock1234,68,Uconn,,,,,,,,
icedrake25,68,Uconn,,,,,,,,
belundun,68,Uconn,,,,,,,,
Dunkersplatt,69,BrendanScott,,,,,,,,
Tran_1230,69,TranSean,,,,,,,,
1ottsco,69,BrendanScott,,,,,,,,
seanm105,69,TranSean,,,,,,,,
ToaNuparu,69,NateToa,,,,,,,,
XmasGoose,69,NateToa,,,,,,,,
mrdagger17,69,ConradCaelan,,,,,,,,
Wolfzx99,69,ConradCaelan,,,,,,,,
Dunkersplatt,70,BrendanJodyCaelan,,,,,,,,
XmasGoose,70,NateSeanTran,,,,,,,,
Shananalovesdem,70,BrendanJodyCaelan,,,,,,,,
seanm105,70,NateSeanTran,,,,,,,,
Tran_1230,70,NateSeanTran,,,,,,,,
ToaNuparu,70,ScottConradToa,,,,,,,,
1ottsco,70,ScottConradToa,,,,,,,,
mrdagger17,70,ScottConradToa,,,,,,,,
Wolfzx99,70,BrendanJodyCaelan,,,,,,,,
IntenseYogurt,71,NateChad,,,,,,,,
ToaNuparu,71,BrendanToa,,,,,,,,
Dunkersplatt,71,BrendanToa,,,,,,,,
XmasGoose,71,NateChad,,,,,,,,
Shananalovesdem,71,Uconn,,,,,,,,
belundun,71,Uconn,,,,,,,,
ZenStryk,71,Uconn,,,,,,,,
seanm105,71,ScottSean,,,,,,,,
1ottsco,71,ScottSean,,,,,,,,
IntenseYogurt,72,Love,,,,,,,,
mrdagger17,72,Evil,,,,,,,,
seanm105,72,Evil,,,,,,,,
mikecherry,72,Love,,,,,,,,
icedrake25,72,Uconn,,,,,,,,
DemonicFish,72,BC,,,,,,,,
Dunkersplatt,72,BC,,,,,,,,
belundun,72,Uconn,,,,,,,,
1ottsco,72,Beast,,,,,,,,
Shananalovesdem,72,Uconn,,,,,,,,
XmasGoose,72,Beast,,,,,,,,
Shananalovesdem,73,Uconn,,,,,,,,
meddi3,73,Cherry,,,,,,,,
belundun,73,Uconn,,,,,,,,
mikecherry,73,Cherry,,,,,,,,
IntenseYogurt,73,Evil,,,,,,,,
XmasGoose,73,Beast,,,,,,,,
1ottsco,73,Beast,,,,,,,,
Wolfzx99,73,Evil,,,,,,,,
Tran_1230,73,Uconn,,,,,,,,
mrdagger17,73,Evil,,,,,,,,
seanm105,73,Evil,,,,,,,,
Dunkersplatt,73,BC,,,,,,,,
brassline,73,BC,,,,,,,,
St33n3r,73,BC,,,,,,,,
XmasGoose,74,Beast,,,,,,,,
ToaNuparu,74,Evil,,,,,,,,
seanm105,74,Evil,,,,,,,,
Wolfzx99,74,Evil,,,,,,,,
1ottsco,74,Beast,,,,,,,,
Dunkersplatt,74,BC,,,,,,,,
IntenseYogurt,74,Love,,,,,,,,
St33n3r,74,BC,,,,,,,,
meddi3,74,Love,,,,,,,,
brassline,74,BC,,,,,,,,
echidnasrock1234,74,Uconn,,,,,,,,
mikecherry,74,Love,,,,,,,,
Shananalovesdem,74,Uconn,,,,,,,,
belundun,74,Uconn,,,,,,,,
IntenseYogurt,75,Love,,,,,,,,
belundun,75,Uconn,,,,,,,,
meddi3,75,Love,,,,,,,,
echidnasrock1234,75,Uconn,,,,,,,,
Shananalovesdem,75,Uconn,,,,,,,,
ToaNuparu,75,BrendanToaSean,,,,,,,,
mikecherry,75,Love,,,,,,,,
seanm105,75,BrendanToaSean,,,,,,,,
Dunkersplatt,75,BrendanToaSean,,,,,,,,
XmasGoose,75,Beast,,,,,,,,
1ottsco,75,Beast,,,,,,,,